,0
0,Apple iOS 14.5: Why The Latest Update Is Crucial For iPhone 11
1,"Apple's App Store Had 78% Margin in 2019, Epic Expert Says"
2,Warren Buffett touts U.S. economy's unexpected strength as ...
3,15 Best News and Reading Apps
4,Five Tech Giants Just Keep Growing - WSJ
5,Five Tech Giants Just Keep Growing - WSJ
6,Epic-backed expert says Apple's app store profit is as high as ...
7,Warren Buffett warns investors not to gamble on stocks
8,BrewDog founders see ‘big gamble’ in global expansion plans—and they like it that way
9,"'Life-saving': Elliot Page opens up about surgery, says it's important to support health care for transgen"
10,10 Key Takeaways From Warren Buffett and Charlie Munger ...
